,Name,PartyState,bioguide,LastName,FirstName,Party,State,State_Abbrev,inc_name,inc_party,inc_ran,inc_won,had_challenger,winner_votes,runnerup_votes,winner_party,runnerup_party,Clinton2016,Trump2016,Obama 2012,Romney 2012,Obama 2008,McCain 2008
0,"Aguilar, Pete",Democratic - California,A000371,Aguilar, Pete,Democratic,California,CA,"Aguilar, Pete",D,1,1,1,"121,070","94,866",D,R,57.7,36.6,57.2,40.6,56.0,41.0
1,"Amash, Justin",Republican - Michigan,A000367,Amash, Justin,Republican,Michigan,MI,"Amash, Justin",R,1,1,1,"203,545","128,400",R,D,42.2,51.6,45.8,53.1,49.7,48.6
2,"Babin, Brian",Republican - Texas,B001291,Babin, Brian,Republican,Texas,TX,"Babin, Brian",R,1,1,1,"193,675","24,890",R,G,25.2,72.0,25.7,73.2,30.0,69.0
3,"Bacon, Don",Republican - Nebraska,B001298,Bacon, Don,Republican,Nebraska,NE,"Bacon, Don",R,1,1,1,"141,066","137,602",R,D,46.0,48.2,45.7,52.9,50.0,48.8
4,"Banks, Jim",Republican - Indiana,B001299,Banks, Jim,Republican,Indiana,IN,"Banks, Jim",R,0,0,0,"201,396","66,023",R,D,30.1,65.1,35.7,62.5,43.0,56.0
5,"Barletta, Lou",Republican - Pennsylvania,B001269,Barletta, Lou,Republican,Pennsylvania,PA,"Barletta, Lou",R,1,1,1,"199,421","113,800",R,D,36.2,60.0,44.5,53.9,47.1,51.7
6,"Barr, Andy",Republican - Kentucky,B001282,Barr, Andy,Republican,Kentucky,KY,"Barr, Andy",R,1,1,1,"202,099","128,728",R,D,39.4,54.7,42.2,55.8,44.8,53.7
7,"Barton, Joe",Republican - Texas,B000213,Barton, Joe,Republican,Texas,TX,"Barton, Joe",R,1,1,1,"159,444","106,667",R,D,41.9,54.2,40.8,57.9,42.0,57.0
8,"Bass, Karen",Democratic - California,B001270,Bass, Karen,Democratic,California,CA,"Bass, Karen",D,1,1,1,"192,490","44,782",D,D,85.7,9.6,84.9,12.7,84.0,13.0
9,"Beatty, Joyce",Democratic - Ohio,B001281,Beatty, Joyce,Democratic,Ohio,OH,"Beatty, Joyce",D,1,1,1,"199,791","91,560",D,R,67.0,28.6,69.7,28.9,67.4,31.3
10,"Becerra, Xavier",Democratic - California,B000287,Becerra, Xavier,Democratic,California,CA,"Becerra, Xavier",D,1,1,1,"122,842","36,314",D,D,83.6,10.7,83.0,14.1,77.0,19.0
11,"Bera, Ami",Democratic - California,B001287,Bera, Ami,Democratic,California,CA,"Bera, Ami",D,1,1,1,"152,133","145,168",D,R,52.3,40.9,50.8,46.8,51.0,46.0
12,"Bergman, Jack",Republican - Michigan,B001301,Bergman, Jack,Republican,Michigan,MI,"Bergman, Jack",R,0,0,0,"197,777","144,334",R,D,36.6,57.9,45.3,53.6,49.7,48.4
13,"Biggs, Andy",Republican - Arizona,B001302,Biggs, Andy,Republican,Arizona,AZ,"Biggs, Andy",R,0,0,0,"205,184","114,940",R,D,36.5,57.6,34.6,63.8,36.3,62.6
14,"Bishop, Mike",Republican - Michigan,B001293,Bishop, Mike,Republican,Michigan,MI,"Bishop, Mike",R,1,1,1,"205,629","143,791",R,D,43.9,50.6,48.0,51.1,52.0,46.4
15,"Bishop, Rob",Republican - Utah,B001250,Bishop, Rob,Republican,Utah,UT,"Bishop, Rob",R,1,1,1,"182,925","73,380",R,D,22.4,49.7,20.4,77.4,29.4,67.7
16,"Black, Diane",Republican - Tennessee,B001273,Black, Diane,Republican,Tennessee,TN,"Black, Diane",R,1,1,1,"202,234","61,995",R,D,23.7,72.6,29.5,69.1,33.5,64.9
17,"Blackburn, Marsha",Republican - Tennessee,B001243,Blackburn, Marsha,Republican,Tennessee,TN,"Blackburn, Marsha",R,1,1,1,"200,407","65,226",R,D,28.2,67.5,32.9,65.7,36.3,62.4
18,"Blum, Rod",Republican - Iowa,B001294,Blum, Rod,Republican,Iowa,IA,"Blum, Rod",R,1,1,1,"206,903","177,403",R,D,45.2,48.7,56.2,42.5,58.5,40.4
19,"Blumenauer, Earl",Democratic - Oregon,B000574,Blumenauer, Earl,Democratic,Oregon,OR,"Blumenauer, Earl",D,1,1,1,"274,687","78,154",D,I,70.7,22.5,72.0,24.7,72.9,24.3
20,"Blunt Rochester, Lisa",Democratic - Delaware,B001303,Blunt Rochester, Lisa,Democratic,Delaware,DE,"Blunt Rochester, Lisa",D,1,1,1,"233,554","172,301",D,R,53.4,41.9,58.6,40.0,61.9,36.9
21,"Bonamici, Suzanne",Democratic - Oregon,B001278,Bonamici, Suzanne,Democratic,Oregon,OR,"Bonamici, Suzanne",D,1,1,1,"225,391","139,756",D,R,57.3,34.5,57.3,40.0,59.6,37.7
22,"Bost, Mike",Republican - Illinois,B001295,Bost, Mike,Republican,Illinois,IL,"Bost, Mike",R,1,1,1,"169,976","124,246",R,D,40.2,55.0,49.7,48.2,54.7,43.6
23,"Brady, Kevin",Republican - Texas,B000755,Brady, Kevin,Republican,Texas,TX,"Brady, Kevin",R,1,1,1,"236,379",0,R,NONE,23.9,72.7,21.7,77.0,26.0,73.0
24,"Brat, Dave",Republican - Virginia,B001290,Brat, Dave,Republican,Virginia,VA,"Brat, Dave",R,1,1,1,"218,057","160,159",R,D,44.0,50.5,44.4,55.6,44.9,54.3
25,"Bridenstine, Jim",Republican - Oklahoma,B001283,Bridenstine, Jim,Republican,Oklahoma,OK,"Bridenstine, Jim",R,1,1,1,,,R,,32.7,61.4,34.2,65.8,35.8,64.2
26,"Brooks, Mo",Republican - Alabama,B001274,Brooks, Mo,Republican,Alabama,AL,"Brooks, Mo",R,1,1,1,"205,647","102,234",R,D,31.3,64.7,34.9,63.9,36.3,62.6
27,"Brownley, Julia",Democratic - California,B001285,Brownley, Julia,Democratic,California,CA,"Brownley, Julia",D,1,1,1,"169,248","111,059",D,R,57.9,36.0,54.0,43.7,56.0,41.0
28,"Buchanan, Vern",Republican - Florida,B001260,Buchanan, Vern,Republican,Florida,FL,"Buchanan, Vern",R,1,1,1,"230,654","155,262",R,D,43.0,53.7,45.1,53.7,47.7,51.2
29,"Buck, Ken",Republican - Colorado,B001297,Buck, Ken,Republican,Colorado,CO,"Buck, Ken",R,1,1,1,"248,230","123,642",R,D,34.3,57.4,39.2,58.5,41.9,56.4
30,"Bucshon, Larry",Republican - Indiana,B001275,Bucshon, Larry,Republican,Indiana,IN,"Bucshon, Larry",R,1,1,1,"187,702","93,356",R,D,30.9,64.6,39.6,58.4,48.1,50.6
31,"Budd, Ted",Republican - North Carolina,B001305,Budd, Ted,Republican,North Carolina,NC,"Budd, Ted",R,1,1,1,"199,443","156,049",R,D,44.0,53.4,46.6,53.4,47.9,51.2
32,"Bustos, Cheri",Democratic - Illinois,B001286,Bustos, Cheri,Democratic,Illinois,IL,"Bustos, Cheri",D,1,1,1,"173,125","113,943",D,R,46.7,47.4,57.6,40.6,60.0,38.5
33,"Byrne, Bradley",Republican - Alabama,B001289,Byrne, Bradley,Republican,Alabama,AL,"Byrne, Bradley",R,1,1,0,"208,083","7,810",R,write in,34.1,63.5,37.4,61.8,38.5,60.9
34,"Calvert, Ken",Republican - California,C000059,Calvert, Ken,Republican,California,CA,"Calvert, Ken",R,1,1,1,"149,547","104,689",R,D,41.4,53.4,41.4,56.5,43.0,54.0
35,"Cardenas, Tony",Democratic - California,C001097,Cardenas, Tony,Democratic,California,CA,"Cardenas, Tony",D,1,1,1,"128,407","43,417",D,D,77.7,16.8,77.0,20.5,74.0,23.0
36,"Carson, Andre",Democratic - Indiana,C001072,Carson, Andre,Democratic,Indiana,IN,"Carson, Andre",D,1,1,1,"158,739","94,456",D,R,59.0,36.2,62.9,35.4,66.3,32.8
37,"Cartwright, Matt",Democratic - Pennsylvania,C001090,Cartwright, Matt,Democratic,Pennsylvania,PA,"Cartwright, Matt",D,1,1,1,"157,734","135,430",D,R,43.3,53.4,55.4,43.3,56.9,41.9
38,"Castor, Kathy",Democratic - Florida,C001066,Castor, Kathy,Democratic,Florida,FL,"Castor, Kathy",D,1,1,1,"195,789","121,088",D,R,57.2,39.0,57.6,41.2,58.1,40.9
39,"Castro, Joaquin",Democratic - Texas,C001091,Castro, Joaquin,Democratic,Texas,TX,"Castro, Joaquin",D,1,1,1,"149,640","29,055",D,L,61.0,34.3,58.9,39.7,58.0,41.0
40,"Chabot, Steve",Republican - Ohio,C000266,Chabot, Steve,Republican,Ohio,OH,"Chabot, Steve",R,1,1,1,"210,014","144,644",R,D,44.6,51.2,46.3,52.4,47.2,51.8
41,"Chaffetz, Jason",Republican - Utah,C001076,Chaffetz, Jason,Republican,Utah,UT,"Chaffetz, Jason",R,1,1,1,"209,589","75,716",R,D,23.3,47.2,19.5,78.3,29.5,67.5
42,"Cheney, Liz",Republican - Wyoming,C001109,Cheney, Liz,Republican,Wyoming,WY,"Cheney, Liz",R,1,1,1,"156,176","75,466",R,D,22.5,70.1,27.6,68.2,32.7,65.2
43,"Chu, Judy",Democratic - California,C001080,Chu, Judy,Democratic,California,CA,"Chu, Judy",D,1,1,1,"168,977","81,655",D,R,66.0,28.4,62.6,35.0,61.0,35.0
44,"Cleaver, Emanuel",Democratic - Missouri,C001061,Cleaver, Emanuel,Democratic,Missouri,MO,"Cleaver, Emanuel",D,1,1,1,"190,766","123,771",D,R,54.1,40.6,58.9,39.4,62.0,36.8
45,"Coffman, Mike",Republican - Colorado,C001077,Coffman, Mike,Republican,Colorado,CO,"Coffman, Mike",R,1,1,1,"191,626","160,372",R,D,50.2,41.3,51.6,46.5,53.6,44.9
46,"Cohen, Steve",Democratic - Tennessee,C001068,Cohen, Steve,Democratic,Tennessee,TN,"Cohen, Steve",D,1,1,1,"171,631","41,123",D,R,77.5,19.8,78.3,20.9,77.0,22.5
47,"Cole, Tom",Republican - Oklahoma,C001053,Cole, Tom,Republican,Oklahoma,OK,"Cole, Tom",R,1,1,1,"204,143","76,472",R,D,28.3,65.7,32.9,67.1,33.9,66.1
48,"Collins, Chris",Republican - New York,C001092,Collins, Chris,Republican,New York,NY,"Collins, Chris",R,1,1,1,"220,885","107,832",R,D,35.2,59.7,42.9,55.3,44.0,54.0
49,"Collins, Doug",Republican - Georgia,C001093,Collins, Doug,Republican,Georgia,GA,"Collins, Doug",R,1,1,0,"256,535",0,R,NONE,19.3,77.8,20.5,78.1,24.3,74.7
50,"Comer, James",Republican - Kentucky,C001108,Comer, James,Republican,Kentucky,KY,"Comer, James",R,1,1,1,"216,959","81,710",R,D,23.9,72.4,32.1,66.4,36.9,61.6
51,"Comstock, Barbara",Republican - Virginia,C001105,Comstock, Barbara,Republican,Virginia,VA,"Comstock, Barbara",R,1,1,1,"210,791","187,712",R,D,52.2,42.2,49.2,50.8,49.6,49.6
52,"Cook, Paul",Republican - California,C001094,Cook, Paul,Republican,California,CA,"Cook, Paul",R,1,1,1,"136,972","83,035",R,D,39.6,54.7,41.7,55.6,42.0,55.0
53,"Cooper, Jim",Democratic - Tennessee,C000754,Cooper, Jim,Democratic,Tennessee,TN,"Cooper, Jim",D,1,1,1,"171,111","102,433",D,R,56.6,38.2,55.9,42.5,57.5,41.3
54,"Costa, Jim",Democratic - California,C001059,Costa, Jim,Democratic,California,CA,"Costa, Jim",D,1,1,1,"97,473","70,483",D,R,58.0,36.4,58.6,39.4,57.0,40.0
55,"Courtney, Joe",Democratic - Connecticut,C001069,Courtney, Joe,Democratic,Connecticut,CT,"Courtney, Joe",D,1,1,1,"208,818","111,149",D,R,48.7,45.8,55.9,42.6,58.6,40.0
56,"Cramer, Kevin",Republican - North Dakota,C001096,Cramer, Kevin,Republican,North Dakota,ND,"Cramer, Kevin",R,1,1,1,"233,980","80,377",R,D,27.7,64.1,38.9,58.7,44.6,53.3
57,"Crist, Charlie",Democratic - Florida,C001111,Crist, Charlie,Democratic,Florida,FL,"Crist, Charlie",R,1,0,1,"184,693","171,149",D,R,49.6,46.4,54.6,43.9,55.5,43.0
58,"Cuellar, Henry",Democratic - Texas,C001063,Cuellar, Henry,Democratic,Texas,TX,"Cuellar, Henry",D,1,1,1,"122,086","57,740",D,R,58.3,38.5,60.3,38.7,58.0,41.0
59,"Curbelo, Carlos",Republican - Florida,C001107,Curbelo, Carlos,Republican,Florida,FL,"Curbelo, Carlos",R,1,1,1,"148,547","115,493",R,D,56.7,40.6,55.4,43.9,51.5,47.9
60,"Davidson, Warren",Republican - Ohio,D000626,Davidson, Warren,Republican,Ohio,OH,"Davidson, Warren",R,1,1,1,"223,833","87,794",R,D,30.6,65.1,36.4,61.9,38.1,60.3
61,"Davis, Rodney",Republican - Illinois,D000619,Davis, Rodney,Republican,Illinois,IL,"Davis, Rodney",R,1,1,1,"187,583","126,811",R,D,44.2,49.7,48.6,48.9,54.6,43.6
62,"DeGette, Diana",Democratic - Colorado,D000197,DeGette, Diana,Democratic,Colorado,CO,"DeGette, Diana",D,1,1,1,"257,254","105,030",D,R,69.0,23.2,69.0,28.8,70.9,27.6
63,"Denham, Jeff",Republican - California,D000612,Denham, Jeff,Republican,California,CA,"Denham, Jeff",R,1,1,1,"124,671","116,470",R,D,48.5,45.5,50.6,47.0,50.0,47.0
64,"DeSantis, Ron",Republican - Florida,D000621,DeSantis, Ron,Republican,Florida,FL,"DeSantis, Ron",R,1,1,1,"213,519","151,051",R,D,39.9,56.9,46.6,52.2,50.1,48.7
65,"DeSaulnier, Mark",Democratic - California,D000623,DeSaulnier, Mark,Democratic,California,CA,"DeSaulnier, Mark",D,1,1,1,"214,868","83,341",D,R,71.5,22.7,67.6,30.0,69.0,28.0
66,"DesJarlais, Scott",Republican - Tennessee,D000616,DesJarlais, Scott,Republican,Tennessee,TN,"DesJarlais, Scott",R,1,1,1,"165,796","89,141",R,D,27.4,68.6,33.1,65.3,35.8,62.6
67,"Diaz-Balart, Mario",Republican - Florida,D000600,Diaz-Balart, Mario,Republican,Florida,FL,"Diaz-Balart, Mario",R,1,1,1,"157,921","95,319",R,D,47.9,49.6,44.9,54.5,40.6,58.8
68,"Dingell, Debbie",Democratic - Michigan,D000624,Dingell, Debbie,Democratic,Michigan,MI,"Dingell, Debbie",D,1,1,1,"211,378","96,104",D,R,60.8,34.5,66.2,32.8,66.9,31.4
69,"Doggett, Lloyd",Democratic - Texas,D000399,Doggett, Lloyd,Democratic,Texas,TX,"Doggett, Lloyd",D,1,1,1,"124,612","62,384",D,R,64.1,30.5,63.0,34.6,63.0,35.0
70,"Duncan, Jeff",Republican - South Carolina,D000615,Duncan, Jeff,Republican,South Carolina,SC,"Duncan, Jeff",R,1,1,1,"196,325","72,933",R,D,29.0,67.0,33.9,64.5,35.1,63.5
71,"Ellison, Keith",Democratic - Minnesota,E000288,Ellison, Keith,Democratic,Minnesota,MN,"Ellison, Keith",D,1,1,1,"249,964","80,660",D,R,73.7,18.5,73.5,24.0,73.4,24.5
72,"Emmer, Tom",Republican - Minnesota,E000294,Emmer, Tom,Republican,Minnesota,MN,"Emmer, Tom",R,1,1,1,"235,380","123,008",R,D,33.2,58.9,41.5,56.5,43.2,54.7
73,"Espaillat, Adriano",Democratic - New York,E000297,Espaillat, Adriano,Democratic,New York,NY,"Espaillat, Adriano",D,1,1,1,"207,194","16,089",D,R,92.3,5.4,94.6,4.6,93.0,6.0
74,"Evans, Dwight",Democratic - Pennsylvania,E000296,Evans, Dwight,Democratic,Pennsylvania,PA,"Evans, Dwight",D,0,0,0,"322,514","35,131",D,R,90.4,7.6,90.4,9.0,91.0,8.8
75,"Farenthold, Blake",Republican - Texas,F000460,Farenthold, Blake,Republican,Texas,TX,"Farenthold, Blake",R,1,1,1,"142,251","88,329",R,D,36.5,60.1,38.2,60.5,40.0,59.0
76,"Flores, Bill",Republican - Texas,F000461,Flores, Bill,Republican,Texas,TX,"Flores, Bill",R,1,1,1,"149,417","86,603",R,D,38.8,56.3,37.7,60.4,41.0,58.0
77,"Fortenberry, Jeff",Republican - Nebraska,F000449,Fortenberry, Jeff,Republican,Nebraska,NE,"Fortenberry, Jeff",R,1,1,1,"189,771","83,467",R,D,36.2,57.5,40.8,57.4,44.2,54.3
78,"Foster, Bill",Democratic - Illinois,F000454,Foster, Bill,Democratic,Illinois,IL,"Foster, Bill",D,1,1,1,"166,578","108,995",D,R,58.9,35.4,57.8,40.6,61.3,37.5
79,"Foxx, Virginia",Republican - North Carolina,F000450,Foxx, Virginia,Republican,North Carolina,NC,"Foxx, Virginia",R,1,1,1,"207,625","147,887",R,D,39.8,57.4,42.8,57.2,44.6,54.2
80,"Frankel, Lois",Democratic - Florida,F000462,Frankel, Lois,Democratic,Florida,FL,"Frankel, Lois",D,1,1,1,"210,606","118,038",D,R,58.6,39.1,60.4,38.9,63.4,35.9
81,"Franks, Trent",Republican - Arizona,F000448,Franks, Trent,Republican,Arizona,AZ,"Franks, Trent",R,1,1,1,"204,942","93,954",R,G,37.0,58.1,36.9,61.7,38.4,60.6
82,"Gabbard, Tulsi",Democratic - Hawaii,G000571,Gabbard, Tulsi,Democratic,Hawaii,HI,"Gabbard, Tulsi",D,1,1,1,"170,848","39,668",D,R,61.4,29.6,71.4,26.7,73.4,24.9
83,"Gaetz, Matt",Republican - Florida,G000578,Gaetz, Matt,Republican,Florida,FL,"Gaetz, Matt",R,0,0,0,"255,107","114,079",D,R,28.2,67.5,30.1,68.5,32.0,66.8
84,"Gallagher, Mike",Republican - Wisconsin,G000579,Gallagher, Mike,Republican,Wisconsin,WI,"Gallagher, Mike",R,1,1,1,"227,892","135,682",R,D,38.6,56.2,47.6,51.3,53.7,45.0
85,"Gallego, Ruben",Democratic - Arizona,G000574,Gallego, Ruben,Democratic,Arizona,AZ,"Gallego, Ruben",D,1,1,1,"119,465","39,286",D,R,71.8,22.6,71.7,26.5,64.7,34.1
86,"Garamendi, John",Democratic - California,G000559,Garamendi, John,Democratic,California,CA,"Garamendi, John",D,1,1,1,"152,513","104,453",D,R,53.0,40.4,54.3,43.1,55.0,42.0
87,"Gibbs, Bob",Republican - Ohio,G000563,Gibbs, Bob,Republican,Ohio,OH,"Gibbs, Bob",R,1,1,1,"198,221","89,638",R,D,32.8,62.5,44.2,53.7,46.9,50.9
88,"Gohmert, Louie",Republican - Texas,G000552,Gohmert, Louie,Republican,Texas,TX,"Gohmert, Louie",R,1,1,1,"192,434","62,847",R,D,25.3,72.2,27.5,71.6,30.0,69.0
89,"Gonzalez, Vicente",Democratic - Texas,G000581,Gonzalez, Vicente,Democratic,Texas,TX,"Gonzalez, Vicente",D,1,1,1,"101,712","66,877",D,R,56.7,40.0,57.4,41.5,57.0,42.0
90,"Goodlatte, Bob",Republican - Virginia,G000289,Goodlatte, Bob,Republican,Virginia,VA,"Goodlatte, Bob",R,1,1,1,"225,471","112,170",R,D,34.9,59.7,39.9,60.1,41.2,57.7
91,"Gottheimer, Josh",Democratic - New Jersey,G000583,Gottheimer, Josh,Democratic,New Jersey,NJ,"Gottheimer, Josh",D,1,1,1,"172,587","157,690",D,R,47.7,48.8,47.9,51.0,48.5,50.5
92,"Gowdy, Trey",Republican - South Carolina,G000566,Gowdy, Trey,Republican,South Carolina,SC,"Gowdy, Trey",R,1,1,1,"198,648","91,676",R,D,34.5,60.2,36.2,62.2,37.7,60.6
93,"Granger, Kay",Republican - Texas,G000377,Granger, Kay,Republican,Texas,TX,"Granger, Kay",R,1,1,1,"196,482","76,029",R,D,32.7,62.9,31.7,66.8,35.0,64.0
94,"Graves, Garret",Republican - Louisiana,G000577,Graves, Garret,Republican,Louisiana,LA,"Graves, Garret",R,1,1,1,"207,483","49,380",R,D,31.0,64.8,32.0,66.1,30.9,67.5
95,"Graves, Sam",Republican - Missouri,G000546,Graves, Sam,Republican,Missouri,MO,"Graves, Sam",R,1,1,1,"238,388","99,692",R,D,31.7,63.1,37.9,60.0,43.1,55.3
96,"Graves, Tom",Republican - Georgia,G000560,Graves, Tom,Republican,Georgia,GA,"Graves, Tom",R,1,1,1,"216,743",0,R,NONE,22.1,75.0,25.3,73.2,27.8,71.0
97,"Green, Al",Democratic - Texas,G000553,Green, Al,Democratic,Texas,TX,"Green, Al",D,1,1,1,"152,032","36,491",D,R,79.3,18.0,78.0,21.1,76.0,23.0
98,"Green, Gene",Democratic - Texas,G000410,Green, Gene,Democratic,Texas,TX,"Green, Gene",D,1,1,1,"95,649","31,646",D,R,71.1,25.4,65.9,33.0,62.0,37.0
99,"Grothman, Glenn",Republican - Wisconsin,G000576,Grothman, Glenn,Republican,Wisconsin,WI,"Grothman, Glenn",R,1,1,1,"204,147","133,072",R,D,38.8,55.7,45.8,53.1,49.4,49.3
100,"Guthrie, Brett",Republican - Kentucky,G000558,Guthrie, Brett,Republican,Kentucky,KY,"Guthrie, Brett",R,1,1,0,"251,825",0,R,NONE,27.6,67.5,35.1,63.3,37.2,61.5
101,"Hanabusa, Colleen",Democratic - Hawaii,H001050,Hanabusa, Colleen,Democratic,Hawaii,HI,"Hanabusa, Colleen",D,0,0,0,"145,417","45,958",D,R,63.1,30.5,69.7,29.0,70.3,28.3
102,"Harper, Gregg",Republican - Mississippi,H001045,Harper, Gregg,Republican,Mississippi,MS,"Harper, Gregg",R,1,1,1,"209,490","96,101",R,D,36.8,61.3,39.1,60.0,38.4,60.8
103,"Harris, Andy",Republican - Maryland,H001052,Harris, Andy,Republican,Maryland,MD,"Harris, Andy",R,1,1,1,"242,574","103,622",R,D,33.4,62.0,37.7,60.4,38.4,59.6
104,"Heck, Denny",Democratic - Washington,H001064,Heck, Denny,Democratic,Washington,WA,"Heck, Denny",D,1,1,1,"170,460","120,104",D,R,51.3,39.9,56.3,41.1,57.2,41.0
105,"Hensarling, Jeb",Republican - Texas,H001036,Hensarling, Jeb,Republican,Texas,TX,"Hensarling, Jeb",R,1,1,1,"155,469","37,406",R,L,34.3,62.7,34.4,64.5,37.0,62.0
106,"Herrera Beutler, Jaime",Republican - Washington,H001056,Herrera Beutler, Jaime,Republican,Washington,WA,"Herrera Beutler, Jaime",R,1,1,1,"193,457","119,820",R,D,42.5,49.9,47.9,49.6,50.9,47.1
107,"Higgins, Brian",Democratic - New York,H001038,Higgins, Brian,Democratic,New York,NY,"Higgins, Brian",D,1,1,1,"215,289","73,377",D,R,57.6,38.0,63.9,34.3,63.0,35.0
108,"Higgins, Clay",Republican - Louisiana,H001077,Higgins, Clay,Republican,Louisiana,LA,"Higgins, Clay",R,0,0,0,"91,532","84,912",R,R,29.2,67.3,32.3,66.1,34.1,64.2
109,"Holding, George",Republican - North Carolina,H001065,Holding, George,Republican,North Carolina,NC,"Holding, George",R,1,1,1,"221,485","169,082",R,D,43.6,53.2,43.5,56.5,44.8,54.3
110,"Hollingsworth, Trey",Republican - Indiana,H001074,Hollingsworth, Trey,Republican,Indiana,IN,"Hollingsworth, Trey",R,1,1,1,"174,791","130,627",R,D,34.2,61.1,40.7,57.2,46.2,52.7
111,"Hudson, Richard",Republican - North Carolina,H001067,Hudson, Richard,Republican,North Carolina,NC,"Hudson, Richard",R,1,1,1,"189,863","133,182",R,D,41.1,56.1,44.8,55.2,45.3,53.9
112,"Huffman, Jared",Democratic - California,H001068,Huffman, Jared,Democratic,California,CA,"Huffman, Jared",D,1,1,1,"254,194","76,572",D,R,69.0,23.3,69.0,27.0,71.0,25.0
113,"Huizenga, Bill",Republican - Michigan,H001058,Huizenga, Bill,Republican,Michigan,MI,"Huizenga, Bill",R,1,1,1,"212,508","110,391",R,D,38.2,55.8,43.1,56.0,48.0,50.3
114,"Hultgren, Randy",Republican - Illinois,H001059,Hultgren, Randy,Republican,Illinois,IL,"Hultgren, Randy",R,1,1,1,"200,508","137,589",R,D,44.8,48.7,44.2,54.2,50.7,48.0
115,"Hunter, Duncan",Republican - California,H000981,Hunter, Duncan,Republican,California,CA,"Hunter, Duncan",R,1,1,1,"179,937","103,646",R,D,39.6,54.6,37.6,60.4,39.0,58.0
116,"Hurd, Will",Republican - Texas,H001073,Hurd, Will,Republican,Texas,TX,"Hurd, Will",R,1,1,1,"110,577","107,526",R,D,49.8,46.4,48.1,50.7,50.0,49.0
117,"Jayapal, Pramila",Democratic - Washington,J000298,Jayapal, Pramila,Democratic,Washington,WA,"Jayapal, Pramila",D,1,1,1,"212,010","166,744",D,D,82.1,12.2,79.2,18.1,80.4,18.0
118,"Jenkins, Lynn",Republican - Kansas,J000290,Jenkins, Lynn,Republican,Kansas,KS,"Jenkins, Lynn",R,1,1,1,"181,228","96,840",R,D,37.4,55.8,42.0,55.6,45.3,52.8
119,"Johnson, Bill",Republican - Ohio,J000292,Johnson, Bill,Republican,Ohio,OH,"Johnson, Bill",R,1,1,1,"213,975","88,780",R,D,26.7,69.3,42.7,55.2,44.7,53.1
120,"Johnson, Mike",Republican - Louisiana,J000299,Johnson, Mike,Republican,Louisiana,LA,"Johnson, Mike",R,0,0,0,"80,593","70,580",D,R,36.6,60.6,39.7,59.0,39.9,58.9
121,"Johnson, Sam",Republican - Texas,J000174,Johnson, Sam,Republican,Texas,TX,"Johnson, Sam",R,1,1,1,"193,684","109,420",R,D,40.6,54.8,34.2,64.3,37.0,61.0
122,"Jordan, Jim",Republican - Ohio,J000289,Jordan, Jim,Republican,Ohio,OH,"Jordan, Jim",R,1,1,1,"210,227","98,981",R,D,30.7,64.3,42.0,56.0,43.7,54.4
123,"Kaptur, Marcy",Democratic - Ohio,K000009,Kaptur, Marcy,Democratic,Ohio,OH,"Kaptur, Marcy",D,1,1,1,"193,966","88,427",D,R,58.7,36.5,67.6,30.9,66.8,31.6
124,"Katko, John",Republican - New York,K000386,Katko, John,Republican,New York,NY,"Katko, John",R,1,1,1,"182,761","119,040",R,D,48.9,45.3,57.0,41.1,56.0,42.0
125,"Kelly, Mike",Republican - Pennsylvania,K000376,Kelly, Mike,Republican,Pennsylvania,PA,"Kelly, Mike",R,1,1,0,"271,098","244,893",R,NONE,35.0,61.1,43.0,55.6,46.3,52.3
126,"Kelly, Trent",Republican - Mississippi,K000388,Kelly, Trent,Republican,Mississippi,MS,"Kelly, Trent",R,1,1,1,"206,455","83,947",R,D,32.4,65.4,37.0,61.9,36.6,62.4
127,"Khanna, Ro",Democratic - California,K000389,Khanna, Ro,Democratic,California,CA,"Khanna, Ro",D,1,0,1,"142,268","90,924",D,D,73.9,20.5,71.9,25.5,69.0,28.0
128,"Kilmer, Derek",Democratic - Washington,K000381,Kilmer, Derek,Democratic,Washington,WA,"Kilmer, Derek",D,1,1,1,"201,718","126,116",D,R,51.8,39.5,56.1,41.2,57.0,40.9
129,"Kind, Ron",Democratic - Wisconsin,K000188,Kind, Ron,Democratic,Wisconsin,WI,"Kind, Ron",D,1,1,0,"257,401",169,D,Write in,44.8,49.3,54.8,43.8,59.4,39.1
130,"King, Steve",Republican - Iowa,K000362,King, Steve,Republican,Iowa,IA,"King, Steve",R,1,1,1,"226,719","142,993",R,D,33.5,60.9,45.3,53.4,48.5,50.2
131,"Kinzinger, Adam",Republican - Illinois,K000378,Kinzinger, Adam,Republican,Illinois,IL,"Kinzinger, Adam",R,1,1,0,"259,722",131,R,write in,38.3,55.5,45.2,52.9,50.0,48.2
132,"Krishnamoorthi, Raja",Democratic - Illinois,K000391,Krishnamoorthi, Raja,Democratic,Illinois,IL,"Krishnamoorthi, Raja",D,1,1,1,"144,954","144,954",D,R,58.1,36.4,57.4,40.9,61.5,37.1
133,"Kustoff, David",Republican - Tennessee,K000392,Kustoff, David,Republican,Tennessee,TN,"Kustoff, David",R,0,0,0,"194,386","70,925",R,D,30.7,66.3,32.8,66.1,34.9,64.1
134,"LaHood, Darin",Republican - Illinois,L000585,LaHood, Darin,Republican,Illinois,IL,"LaHood, Darin",R,1,1,1,"250,506","96,770",R,D,33.3,60.6,37.4,60.7,44.1,54.4
135,"LaMalfa, Doug",Republican - California,L000578,LaMalfa, Doug,Republican,California,CA,"LaMalfa, Doug",R,1,1,1,"185,448","128,588",R,D,36.5,56.2,40.3,56.6,42.0,53.0
136,"Lamborn, Doug",Republican - Colorado,L000564,Lamborn, Doug,Republican,Colorado,CO,"Lamborn, Doug",R,1,1,1,"225,445","111,676",R,D,33.2,57.2,38.3,59.1,39.7,58.8
137,"Lance, Leonard",Republican - New Jersey,L000567,Lance, Leonard,Republican,New Jersey,NJ,"Lance, Leonard",R,1,1,1,"185,850","148,188",R,D,48.6,47.5,46.3,52.5,47.2,51.6
138,"Larsen, Rick",Democratic - Washington,L000560,Larsen, Rick,Democratic,Washington,WA,"Larsen, Rick",D,1,1,1,"208,314","117,094",D,R,56.9,34.8,59.2,38.0,60.5,37.6
139,"Lee, Barbara",Democratic - California,L000551,Lee, Barbara,Democratic,California,CA,"Lee, Barbara",D,1,1,1,"293,117","29,754",D,R,87.4,6.8,87.5,9.0,87.0,10.0
140,"Lewis, Jason",Republican - Minnesota,L000587,Lewis, Jason,Republican,Minnesota,MN,"Lewis, Jason",R,0,0,0,"173,970","167,315",R,D,45.3,46.5,49.1,49.0,50.5,47.6
141,"Lewis, John",Democratic - Georgia,L000287,Lewis, John,Democratic,Georgia,GA,"Lewis, John",D,1,1,1,"253,781","46,768",D,R,85.0,11.9,83.1,15.8,84.4,15.0
142,"Lieu, Ted",Democratic - California,L000582,Lieu, Ted,Democratic,California,CA,"Lieu, Ted",D,1,1,1,"219,397","110,822",D,R,67.8,26.5,60.6,36.8,64.0,33.0
143,"Loebsack, David",Democratic - Iowa,L000565,Loebsack, David,Democratic,Iowa,IA,"Loebsack, David",D,1,1,1,"198,571","170,933",D,R,45.0,49.1,55.8,42.7,57.1,41.6
144,"Lofgren, Zoe",Democratic - California,L000397,Lofgren, Zoe,Democratic,California,CA,"Lofgren, Zoe",D,1,1,1,"181,802","64,061",D,R,72.9,21.5,71.2,26.5,68.0,29.0
145,"Long, Billy",Republican - Missouri,L000576,Long, Billy,Republican,Missouri,MO,"Long, Billy",R,1,1,1,"228,692","92,756",R,D,24.7,70.4,30.3,67.6,35.3,63.1
146,"Loudermilk, Barry",Republican - Georgia,L000583,Loudermilk, Barry,Republican,Georgia,GA,"Loudermilk, Barry",R,1,1,1,"217,935","105,383",R,D,35.3,60.3,31.5,66.9,34.7,64.3
147,"Luetkemeyer, Blaine",Republican - Missouri,L000569,Luetkemeyer, Blaine,Republican,Missouri,MO,"Luetkemeyer, Blaine",R,1,1,1,"249,865","102,891",R,D,28.1,67.1,36.1,62.0,42.8,55.8
148,"Lujan Grisham, Michelle",Democratic - New Mexico,L000580,Lujan Grisham, Michelle,Democratic,New Mexico,NM,"Lujan Grisham, Michelle",D,1,1,1,"181,088","96,879",D,R,51.6,35.1,55.3,39.6,59.7,39.0
149,"Marchant, Kenny",Republican - Texas,M001158,Marchant, Kenny,Republican,Texas,TX,"Marchant, Kenny",R,1,1,1,"154,845","108,389",R,D,44.5,50.7,38.0,60.4,41.0,58.0
150,"Marino, Tom",Republican - Pennsylvania,M001179,Marino, Tom,Republican,Pennsylvania,PA,"Marino, Tom",R,1,1,1,"211,282","89,823",R,D,30.2,66.1,38.4,60.1,42.3,56.5
151,"Massie, Thomas",Republican - Kentucky,M001184,Massie, Thomas,Republican,Kentucky,KY,"Massie, Thomas",R,1,1,1,"233,922","94,065",R,D,29.3,65.2,34.8,63.4,37.0,61.5
152,"McCarthy, Kevin",Republican - California,M001165,McCarthy, Kevin,Republican,California,CA,"McCarthy, Kevin",R,1,1,1,"167,116","74,468",R,D,36.1,58.1,36.1,61.5,36.0,61.0
153,"McClintock, Tom",Republican - California,M001177,McClintock, Tom,Republican,California,CA,"McClintock, Tom",R,1,1,1,"220,133","130,845",R,D,39.3,54.0,39.5,57.9,43.0,54.0
154,"McCollum, Betty",Democratic - Minnesota,M001143,McCollum, Betty,Democratic,Minnesota,MN,"McCollum, Betty",D,1,1,1,"203,299","121,032",D,R,61.5,30.6,62.5,35.5,62.6,35.5
155,"McMorris Rodgers, Cathy",Republican - Washington,M001159,McMorris Rodgers, Cathy,Republican,Washington,WA,"McMorris Rodgers, Cathy",R,1,1,1,"192,959","130,575",R,D,39.1,52.2,43.7,53.5,46.3,51.2
156,"McNerney, Jerry",Democratic - California,M001166,McNerney, Jerry,Democratic,California,CA,"McNerney, Jerry",D,1,1,1,"133,163","98,992",D,R,56.6,38.0,57.8,40.1,56.0,41.0
157,"McSally, Martha",Republican - Arizona,M001197,McSally, Martha,Republican,Arizona,AZ,"McSally, Martha",R,1,1,1,"179,806","135,873",R,D,49.6,44.7,48.4,49.9,48.9,49.8
158,"Meadows, Mark",Republican - North Carolina,M001187,Meadows, Mark,Republican,North Carolina,NC,"Meadows, Mark",R,1,1,1,"230,405","129,103",R,D,34.0,63.2,39.6,60.4,41.5,57.1
159,"Meng, Grace",Democratic - New York,M001188,Meng, Grace,Democratic,New York,NY,"Meng, Grace",D,1,1,1,"136,506","50,617",D,R,65.1,32.1,67.8,31.0,63.0,36.0
160,"Messer, Luke",Republican - Indiana,M001189,Messer, Luke,Republican,Indiana,IN,"Messer, Luke",R,1,1,1,"204,920","79,135",R,D,27.4,67.7,37.3,60.4,43.6,55.0
161,"Mitchell, Paul",Republican - Michigan,M001201,Mitchell, Paul,Republican,Michigan,MI,"Mitchell, Paul",R,0,0,0,"215,132","110,112",R,D,31.6,63.8,43.7,55.3,48.0,50.0
162,"Moore, Gwen",Democratic - Wisconsin,M001160,Moore, Gwen,Democratic,Wisconsin,WI,"Moore, Gwen",D,1,1,1,"220,181","33,494",D,I,74.0,21.8,75.3,23.8,74.4,24.6
163,"Moulton, Seth",Democratic - Massachusetts,M001196,Moulton, Seth,Democratic,Massachusetts,MA,"Moulton, Seth",D,1,1,1,"308,923","5,132",D,Write in,56.1,38.2,54.7,43.9,56.9,41.4
164,"Mullin, Markwayne",Republican - Oklahoma,M001190,Mullin, Markwayne,Republican,Oklahoma,OK,"Mullin, Markwayne",R,1,1,1,"189,839","62,387",R,D,22.8,72.9,32.2,67.8,34.3,65.7
165,"Mulvaney, Mick",Republican - South Carolina,M001182,Mulvaney, Mick,Republican,South Carolina,SC,"Mulvaney, Mick",R,1,1,1,"161,669","105,772",R,D,38.8,57.3,43.6,55.1,43.8,55.0
166,"Murphy, Tim",Republican - Pennsylvania,M001151,Murphy, Tim,Republican,Pennsylvania,PA,"Murphy, Tim",R,1,1,1,"293,684",0,R,NONE,38.5,58.1,41.0,57.9,43.8,55.2
167,"Nadler, Jerrold",Democratic - New York,N000002,Nadler, Jerrold,Democratic,New York,NY,"Nadler, Jerrold",D,1,1,1,"192,371","53,857",D,R,78.3,18.8,73.6,25.1,76.0,23.0
168,"Newhouse, Dan",Republican - Washington,N000189,Newhouse, Dan,Republican,Washington,WA,"Newhouse, Dan",R,1,1,1,"132,517","97,402",R,R,35.1,57.9,37.9,59.7,39.2,58.9
169,"Norcross, Donald",Democratic - New Jersey,N000188,Norcross, Donald,Democratic,New Jersey,NJ,"Norcross, Donald",D,1,1,1,"183,231","112,388",D,R,60.6,36.1,65.1,33.8,64.7,34.2
170,"Nunes, Devin",Republican - California,N000181,Nunes, Devin,Republican,California,CA,"Nunes, Devin",R,1,1,1,"158,755","76,211",R,D,42.6,52.1,41.6,56.6,42.0,55.0
171,"O'Halleran, Tom",Democratic - Arizona,O000171,O'Halleran, Tom,Democratic,Arizona,AZ,"O'Halleran, Tom",D,0,0,0,"142,219","121,745",D,R,46.6,47.7,47.9,50.4,47.8,51.0
172,"O'Rourke, Beto",Democratic - Texas,O000170,O'Rourke, Beto,Democratic,Texas,TX,"O'Rourke, Beto",D,1,1,1,"150,228","17,491",D,L,67.9,27.2,64.2,34.5,64.0,35.0
173,"Olson, Pete",Republican - Texas,O000168,Olson, Pete,Republican,Texas,TX,"Olson, Pete",R,1,1,1,"181,864","123,679",R,D,44.2,52.1,36.7,62.1,39.0,60.0
174,"Panetta, Jimmy",Democratic - California,P000613,Panetta, Jimmy,Democratic,California,CA,"Panetta, Jimmy",D,0,0,0,"180,980","74,811",D,R,70.4,23.2,70.9,26.2,71.0,26.0
175,"Paulsen, Erik",Republican - Minnesota,P000594,Paulsen, Erik,Republican,Minnesota,MN,"Paulsen, Erik",R,1,1,1,"223,077","169,243",R,D,50.8,41.4,49.6,48.8,51.0,47.4
176,"Pelosi, Nancy",Democratic - California,P000197,Pelosi, Nancy,Democratic,California,CA,"Pelosi, Nancy",D,1,1,1,"274,035","64,810",D,I,86.2,8.7,84.1,12.5,84.0,13.0
177,"Perlmutter, Ed",Democratic - Colorado,P000593,Perlmutter, Ed,Democratic,Colorado,CO,"Perlmutter, Ed",D,1,1,1,"199,758","144,066",D,R,51.4,39.4,56.1,41.3,57.4,40.7
178,"Perry, Scott",Republican - Pennsylvania,P000605,Perry, Scott,Republican,Pennsylvania,PA,"Perry, Scott",R,1,1,1,"220,628","113,372",R,D,37.1,58.6,41.5,57.1,45.1,53.8
179,"Pingree, Chellie",Democratic - Maine,P000597,Pingree, Chellie,Democratic,Maine,ME,"Pingree, Chellie",D,1,1,1,"227,546","164,569",D,R,54.1,39.3,59.6,38.2,60.7,37.5
180,"Pittenger, Robert",Republican - North Carolina,P000606,Pittenger, Robert,Republican,North Carolina,NC,"Pittenger, Robert",R,1,1,1,"193,452","139,041",R,D,42.8,54.4,44.2,55.8,45.2,54.0
181,"Pocan, Mark",Democratic - Wisconsin,P000607,Pocan, Mark,Democratic,Wisconsin,WI,"Pocan, Mark",D,1,1,1,"273,537","124,044",D,R,65.8,29.0,68.3,30.5,70.1,28.6
182,"Poe, Ted",Republican - Texas,P000592,Poe, Ted,Republican,Texas,TX,"Poe, Ted",R,1,1,1,"168,692","100,231",R,D,43.1,52.4,35.6,62.9,37.0,62.0
183,"Poliquin, Bruce",Republican - Maine,P000611,Poliquin, Bruce,Republican,Maine,ME,"Poliquin, Bruce",R,1,1,1,"192,878","159,081",R,D,41.1,51.4,52.9,44.4,54.6,43.4
184,"Polis, Jared",Democratic - Colorado,P000598,Polis, Jared,Democratic,Colorado,CO,"Polis, Jared",D,1,1,1,"260,175","170,001",D,R,56.2,34.9,57.9,39.5,61.2,37.2
185,"Pompeo, Mike",Republican - Kansas,P000602,Pompeo, Mike,Republican,Kansas,KS,"Pompeo, Mike",R,1,1,1,"166,998","81,495",R,D,33.0,60.2,36.1,61.6,39.5,58.6
186,"Posey, Bill",Republican - Florida,P000599,Posey, Bill,Republican,Florida,FL,"Posey, Bill",R,1,1,1,"246,483","127,127",R,D,37.7,58.4,42.1,56.6,43.8,54.9
187,"Price, Tom",Republican - Georgia,P000591,Price, Tom,Republican,Georgia,GA,"Price, Tom",R,1,1,1,"201,088","124,917",R,D,46.8,48.3,37.5,60.8,40.1,59.0
188,"Quigley, Mike",Democratic - Illinois,Q000023,Quigley, Mike,Democratic,Illinois,IL,"Quigley, Mike",D,1,1,1,"212,842","86,222",D,R,70.5,23.9,66.0,31.8,69.9,28.8
189,"Raskin, Jamie",Democratic - Maryland,R000606,Raskin, Jamie,Democratic,Maryland,MD,"Raskin, Jamie",D,0,0,0,"220,657","124,651",D,R,65.0,30.6,62.0,36.0,62.8,35.6
190,"Ratcliffe, John",Republican - Texas,R000601,Ratcliffe, John,Republican,Texas,TX,"Ratcliffe, John",R,1,1,1,"216,643","29,577",R,L,21.8,75.4,24.8,74.0,29.0,70.0
191,"Reed, Tom",Republican - New York,R000585,Reed, Tom,Republican,New York,NY,"Reed, Tom",R,1,1,1,"161,050","118,584",R,D,39.7,54.5,48.4,49.6,50.0,49.0
192,"Rice, Tom",Republican - South Carolina,R000597,Rice, Tom,Republican,South Carolina,SC,"Rice, Tom",R,1,1,1,"176,468","112,744",R,D,39.1,58.0,44.4,54.5,45.3,53.6
193,"Roby, Martha",Republican - Alabama,R000591,Roby, Martha,Republican,Alabama,AL,"Roby, Martha",R,1,1,1,"134,886","112,089",R,D,33.0,64.9,36.4,62.9,35.0,64.5
194,"Rohrabacher, Dana",Republican - California,R000409,Rohrabacher, Dana,Republican,California,CA,"Rohrabacher, Dana",R,1,1,1,"178,701","127,715",R,D,47.9,46.2,43.0,54.7,46.0,51.0
195,"Rokita, Todd",Republican - Indiana,R000592,Rokita, Todd,Republican,Indiana,IN,"Rokita, Todd",R,1,1,1,"193,412","91,256",R,D,30.2,64.3,36.9,60.9,44.6,54.2
196,"Rooney, Francis",Republican - Florida,R000607,Rooney, Francis,Republican,Florida,FL,"Rooney, Francis",R,0,0,0,"239,225","123,812",R,D,37.5,59.6,38.7,60.5,42.3,56.8
197,"Ros-Lehtinen, Ileana",Republican - Florida,R000435,Ros-Lehtinen, Ileana,Republican,Florida,FL,"Ros-Lehtinen, Ileana",R,1,1,1,"157,917","129,760",R,D,58.6,38.9,53.0,46.3,50.1,49.3
198,"Rosen, Jacky",Democratic - Nevada,R000608,Rosen, Jacky,Democratic,Nevada,NV,"Rosen, Jacky",D,1,1,1,"146,869","142,926",D,R,46.5,47.5,49.5,48.7,53.5,44.6
199,"Rouzer, David",Republican - North Carolina,R000603,Rouzer, David,Republican,North Carolina,NC,"Rouzer, David",R,1,1,1,"211,801","135,905",R,D,39.9,57.6,43.6,56.4,44.6,54.6
200,"Roybal-Allard, Lucille",Democratic - California,R000486,Roybal-Allard, Lucille,Democratic,California,CA,"Roybal-Allard, Lucille",D,1,1,1,"106,554","24,743",D,I,82.2,12.8,81.5,16.5,77.0,19.0
201,"Ruiz, Raul",Democratic - California,R000599,Ruiz, Raul,Democratic,California,CA,"Ruiz, Raul",D,1,1,1,"144,348","88,269",D,R,52.2,43.4,50.7,47.5,50.0,47.0
202,"Russell, Steve",Republican - Oklahoma,R000604,Russell, Steve,Republican,Oklahoma,OK,"Russell, Steve",R,1,1,1,"160,184","103,273",R,D,39.8,53.2,40.8,59.2,40.8,59.2
203,"Ryan, Tim",Democratic - Ohio,R000577,Ryan, Tim,Democratic,Ohio,OH,"Ryan, Tim",D,1,1,1,"208,610","99,377",D,R,51.1,44.6,62.9,35.4,62.3,35.8
204,"Sanford, Mark",Republican - South Carolina,S000051,Sanford, Mark,Republican,South Carolina,SC,"Sanford, Mark",R,1,1,1,"190,410","119,799",R,D,40.4,53.5,40.2,58.3,42.7,56.1
205,"Scalise, Steve",Republican - Louisiana,S001176,Scalise, Steve,Republican,Louisiana,LA,"Scalise, Steve",R,1,1,1,"243,645","41,840",R,D,26.7,68.7,26.9,70.9,25.3,72.7
206,"Schrader, Kurt",Democratic - Oregon,S001180,Schrader, Kurt,Democratic,Oregon,OR,"Schrader, Kurt",D,1,1,1,"199,505","160,443",D,R,48.3,44.1,50.5,47.1,53.0,44.2
207,"Schweikert, David",Republican - Arizona,S001183,Schweikert, David,Republican,Arizona,AZ,"Schweikert, David",R,1,1,1,"201,578","122,866",R,D,42.4,52.4,38.8,59.5,41.2,57.7
208,"Scott, Austin",Republican - Georgia,S001189,Scott, Austin,Republican,Georgia,GA,"Scott, Austin",R,1,1,1,"173,983","83,225",R,D,34.4,63.3,37.5,61.6,37.8,61.6
209,"Scott, David",Democratic - Georgia,S001157,Scott, David,Democratic,Georgia,GA,"Scott, David",D,1,1,1,"252,833",0,D,NONE,71.0,26.6,69.2,30.0,67.1,32.3
210,"Sessions, Pete",Republican - Texas,S000250,Sessions, Pete,Republican,Texas,TX,"Sessions, Pete",R,1,1,1,"162,868","43,490",R,L,48.5,46.6,41.5,57.0,44.0,55.0
211,"Shea-Porter, Carol",Democratic - New Hampshire,S001170,Shea-Porter, Carol,Democratic,New Hampshire,NH,"Shea-Porter, Carol",R,0,0,0,"162,080","157,176",D,R,46.6,48.2,50.2,48.6,52.8,46.4
212,"Sherman, Brad",Democratic - California,S000344,Sherman, Brad,Democratic,California,CA,"Sherman, Brad",D,1,1,1,"205,279","77,325",D,R,69.1,25.7,65.3,32.1,66.0,31.0
213,"Shimkus, John",Republican - Illinois,S000364,Shimkus, John,Republican,Illinois,IL,"Shimkus, John",R,1,1,0,"274,554",0,R,NONE,24.5,70.7,34.1,63.9,42.8,55.4
214,"Sinema, Kyrsten",Democratic - Arizona,S001191,Sinema, Kyrsten,Democratic,Arizona,AZ,"Sinema, Kyrsten",D,1,1,1,"169,055","108,350",D,R,54.7,38.4,51.1,46.6,51.3,47.4
215,"Sires, Albio",Democratic - New Jersey,S001165,Sires, Albio,Democratic,New Jersey,NJ,"Sires, Albio",D,1,1,1,"134,733","32,337",D,R,75.7,21.5,78.3,20.7,73.2,26.0
216,"Smith, Adam",Democratic - Washington,S000510,Smith, Adam,Democratic,Washington,WA,"Smith, Adam",D,1,1,1,"205,165","76,317",D,R,70.5,23.3,68.3,29.6,68.6,29.9
217,"Smith, Adrian",Republican - Nebraska,S001172,Smith, Adrian,Republican,Nebraska,NE,"Smith, Adrian",R,1,1,1,"226,720",0,R,NONE,20.0,74.9,27.8,70.2,31.1,67.1
218,"Smith, Jason",Republican - Missouri,S001195,Smith, Jason,Republican,Missouri,MO,"Smith, Jason",R,1,1,1,"229,792","70,009",R,D,21.0,75.4,32.0,65.9,38.3,60.0
219,"Smith, Lamar",Republican - Texas,S000583,Smith, Lamar,Republican,Texas,TX,"Smith, Lamar",R,1,1,1,"202,967","129,765",R,D,42.5,52.5,37.9,59.8,42.0,56.0
220,"Smucker, Lloyd",Republican - Pennsylvania,S001199,Smucker, Lloyd,Republican,Pennsylvania,PA,"Smucker, Lloyd",R,1,1,1,"168,669","134,586",R,D,44.2,51.0,46.3,52.4,50.1,49.0
221,"Soto, Darren",Democratic - Florida,S001200,Soto, Darren,Democratic,Florida,FL,"Soto, Darren",D,0,0,0,"195,311","144,450",D,R,54.8,41.9,55.6,43.4,54.6,44.5
222,"Speier, Jackie",Democratic - California,S001175,Speier, Jackie,Democratic,California,CA,"Speier, Jackie",D,1,1,1,"231,630","54,817",D,R,76.9,18.2,74.2,23.6,73.0,24.0
223,"Stewart, Chris",Republican - Utah,S001192,Stewart, Chris,Republican,Utah,UT,"Stewart, Chris",R,1,1,1,"170,524","93,778",R,D,32.0,46.0,29.2,68.0,38.4,58.5
224,"Stivers, Steve",Republican - Ohio,S001187,Stivers, Steve,Republican,Ohio,OH,"Stivers, Steve",R,1,1,1,"222,847","113,960",R,D,39.9,55.3,46.3,51.9,46.1,52.2
225,"Swalwell, Eric",Democratic - California,S001193,Swalwell, Eric,Democratic,California,CA,"Swalwell, Eric",D,1,1,1,"198,578","70,619",D,R,69.9,24.2,68.0,29.8,67.0,30.0
226,"Takano, Mark",Democratic - California,T000472,Takano, Mark,Democratic,California,CA,"Takano, Mark",D,1,1,1,"128,164","69,159",D,R,61.0,33.1,61.5,36.3,59.0,38.0
227,"Taylor, Scott",Republican - Virginia,T000477,Taylor, Scott,Republican,Virginia,VA,"Taylor, Scott",R,1,1,1,"190,475","119,440",R,D,45.4,48.8,48.8,51.2,47.9,51.1
228,"Tenney, Claudia",Republican - New York,T000478,Tenney, Claudia,Republican,New York,NY,"Tenney, Claudia",R,0,0,0,"129,444","114,266",R,D,39.3,54.8,48.8,49.2,49.0,49.0
229,"Thompson, Glenn",Republican - Pennsylvania,T000467,Thompson, Glenn,Republican,Pennsylvania,PA,"Thompson, Glenn",R,1,1,1,"206,761","101,082",R,D,33.5,62.3,41.5,57.1,47.1,51.5
230,"Thompson, Mike",Democratic - California,T000460,Thompson, Mike,Democratic,California,CA,"Thompson, Mike",D,1,1,1,"224,526","67,565",D,R,69.2,24.3,69.7,27.5,70.0,26.0
231,"Thornberry, Mac",Republican - Texas,T000238,Thornberry, Mac,Republican,Texas,TX,"Thornberry, Mac",R,1,1,1,"199,050","14,725",R,L,16.9,79.9,18.5,80.2,22.0,77.0
232,"Titus, Dina",Democratic - Nevada,T000468,Titus, Dina,Democratic,Nevada,NV,"Titus, Dina",D,1,1,1,"116,537","54,174",D,R,61.6,32.6,65.6,32.4,64.5,33.0
233,"Tonko, Paul",Democratic - New York,T000469,Tonko, Paul,Democratic,New York,NY,"Tonko, Paul",D,1,1,1,"213,021","100,738",D,R,54.0,40.5,59.2,38.8,58.0,40.0
234,"Tsongas, Niki",Democratic - Massachusetts,T000465,Tsongas, Niki,Democratic,Massachusetts,MA,"Tsongas, Niki",D,1,1,1,"236,713","107,519",D,R,58.2,35.4,56.9,41.4,58.8,39.4
235,"Upton, Fred",Republican - Michigan,U000031,Upton, Fred,Republican,Michigan,MI,"Upton, Fred",R,1,1,1,"193,259","119,980",R,D,42.9,51.3,48.8,50.2,53.1,45.2
236,"Vargas, Juan",Democratic - California,V000130,Vargas, Juan,Democratic,California,CA,"Vargas, Juan",D,1,1,1,"145,162","54,362",D,R,71.8,22.8,69.4,28.9,65.0,32.0
237,"Vela, Filemon",Democratic - Texas,V000132,Vela, Filemon,Democratic,Texas,TX,"Vela, Filemon",D,1,1,1,"104,638","62,323",D,R,59.2,37.7,60.8,38.3,60.0,39.0
238,"Wagner, Ann",Republican - Missouri,W000812,Wagner, Ann,Republican,Missouri,MO,"Wagner, Ann",R,1,1,1,"241,954","155,689",R,D,42.3,52.6,41.4,57.1,46.4,52.6
239,"Walberg, Tim",Republican - Michigan,W000798,Walberg, Tim,Republican,Michigan,MI,"Walberg, Tim",R,1,1,1,"184,321","134,010",R,D,38.7,55.7,47.9,51.0,50.8,47.4
240,"Walden, Greg",Republican - Oregon,W000791,Walden, Greg,Republican,Oregon,OR,"Walden, Greg",R,1,1,1,"272,952","106,640",R,D,36.4,56.5,40.5,56.8,43.3,53.8
241,"Walker, Mark",Republican - North Carolina,W000819,Walker, Mark,Republican,North Carolina,NC,"Walker, Mark",R,1,1,1,"207,983","143,167",R,D,41.4,56.1,43.6,56.4,45.2,53.8
242,"Walorski, Jackie",Republican - Indiana,W000813,Walorski, Jackie,Republican,Indiana,IN,"Walorski, Jackie",R,1,1,1,"164,355","102,401",R,D,36.1,59.3,42.1,56.1,49.6,49.3
243,"Walters, Mimi",Republican - California,W000820,Walters, Mimi,Republican,California,CA,"Walters, Mimi",R,1,1,1,"182,618","129,231",R,D,49.8,44.4,43.0,54.8,46.0,51.0
244,"Wasserman Schultz, Debbie",Democratic - Florida,W000797,Wasserman Schultz, Debbie,Democratic,Florida,FL,"Wasserman Schultz, Debbie",D,1,1,1,"183,225","130,818",D,R,61.9,35.8,61.4,38.0,62.0,37.3
245,"Waters, Maxine",Democratic - California,W000187,Waters, Maxine,Democratic,California,CA,"Waters, Maxine",D,1,1,1,"167,017","52,499",D,R,78.4,16.7,78.0,20.0,75.0,22.0
246,"Watson Coleman, Bonnie",Democratic - New Jersey,W000822,Watson Coleman, Bonnie,Democratic,New Jersey,NJ,"Watson Coleman, Bonnie",D,1,1,1,"181,430","92,407",D,R,65.0,31.8,66.5,32.4,65.7,33.3
247,"Welch, Peter",Democratic - Vermont,W000800,Welch, Peter,Democratic,Vermont,VT,"Welch, Peter",D,1,1,1,"264,414","29,410",D,LU,56.7,30.3,67.0,31.2,67.8,30.6
248,"Westerman, Bruce",Republican - Arkansas,W000821,Westerman, Bruce,Republican,Arkansas,AR,"Westerman, Bruce",R,1,1,1,"182,885","61,274",R,L,31.3,64.2,35.9,61.8,37.4,59.9
249,"Williams, Roger",Republican - Texas,W000816,Williams, Roger,Republican,Texas,TX,"Williams, Roger",R,1,1,1,"180,988","117,073",R,D,40.2,55.1,37.8,59.9,43.0,56.0
250,"Wilson, Joe",Republican - South Carolina,W000795,Wilson, Joe,Republican,South Carolina,SC,"Wilson, Joe",R,1,1,1,"183,746","109,452",R,D,38.6,56.3,39.4,59.1,39.4,59.5
251,"Womack, Steve",Republican - Arkansas,W000809,Womack, Steve,Republican,Arkansas,AR,"Womack, Steve",R,1,1,1,"217,192","63,715",R,L,30.5,61.9,31.6,65.5,33.9,63.7
252,"Woodall, Rob",Republican - Georgia,W000810,Woodall, Rob,Republican,Georgia,GA,"Woodall, Rob",R,1,1,1,"174,081","114,220",R,D,44.8,51.1,38.3,60.2,39.1,60.1
253,"Yoder, Kevin",Republican - Kansas,Y000063,Yoder, Kevin,Republican,Kansas,KS,"Yoder, Kevin",R,1,1,1,"176,022","139,300",R,D,47.2,46.0,44.3,53.8,48.8,49.9
254,"Young, David",Republican - Iowa,Y000066,Young, David,Republican,Iowa,IA,"Young, David",R,1,1,1,"208,598","155,002",R,D,45.0,48.5,51.4,47.2,52.4,46.3
255,"Young, Don",Republican - Alaska,Y000033,Young, Don,Republican,Alaska,AK,"Young, Don",R,1,1,1,"155,088","111,019",R,D,37.6,52.8,41.2,55.3,38.1,59.7
